id,name,formatted_address,lat,lng,types,rating,user_rating_count,price_level
ChIJt5Bh6tNt0xQRZ8zzZ11GgtM,Türksat Lagari Hasan Çelebi Uydu Müzesi,"Yağlıpınar, 06830 Gölbaşı/Ankara, Türkiye",39.6396894,32.801466999999995,"[""museum"", ""point_of_interest"", ""establishment""]",4.7,121.0,
ChIJS2AVo6cb0xQRSqfT8peazps,Alagoz Karargah Museum,"Polatlı Merkez, Alagöz, 06909 Polatlı/Ankara, Türkiye",39.746346,32.478478,"[""museum"", ""point_of_interest"", ""establishment""]",4.6,233.0,
ChIJvbBsw4FB0xQRiojlMqM2Pts,Gölbaşı Belediyesi,"Gaziosmanpaşa, Sahil Cd. No:3, 06830 Gölbaşı/Ankara, Türkiye",39.789553,32.804761899999995,"[""city_hall"", ""local_government_office"", ""government_office"", ""point_of_interest"", ""establishment""]",4.2,495.0,
ChIJpWzi-Lod0xQRVHRAsjqki_o,TCDD Malikoy Train Depot Museum,"Malıköy Tren İstasyonu Ankara Eskişehir Karayolu 30. Km., Temelli, Polatlı, Ankara, Malıköy, 06909 Sincan/Ankara, Türkiye",39.7848548,32.3877401,"[""museum"", ""point_of_interest"", ""establishment""]",4.2,198.0,
ChIJd3NYIuc_0xQRKYQo86I67OI,Müze Evliyagil,"İncek, Şevket Evliyagil Sk. No:1, 06830 Gölbaşı/Ankara, Türkiye",39.7925832,32.6978242,"[""museum"", ""point_of_interest"", ""establishment""]",4.6,125.0,
ChIJq6RGr9AX0xQR06Y8gRZMgoo,Upside down house,"Turkuaz, 06815 Etimesgut/Ankara, Türkiye",39.8216252,32.571556400000006,"[""museum"", ""tourist_attraction"", ""point_of_interest"", ""establishment""]",3.8,631.0,
ChIJJyH3XNNA0xQRKpl_QdJeTow,Jandarma Museum,"Ahlatlıbel Beytepe, Incek Şht. Savcı Mehmet Selim Kiraz Blv, 06805 Çankaya/Ankara, Türkiye",39.8424916,32.7508557,"[""museum"", ""point_of_interest"", ""establishment""]",4.8,581.0,
ChIJdZC55B4_0xQRu2IgCkBEzkQ,Come.pany Coffee,"Alacaatlı, Park Cd. 65/9, 06810 Çankaya/Ankara, Türkiye",39.8583873,32.6524156,"[""cafe"", ""art_gallery"", ""furniture_store"", ""home_improvement_store"", ""home_goods_store"", ""store"", ""food"", ""point_of_interest"", ""establishment""]",4.6,494.0,
ChIJh0llTnE_0xQRw3GrBlmxoGk,Uyanık Kütüphane Yaşamkent,"Yaşamkent Mah, Şehit Hayrettin, Şht. Eren Bülbül Cad. 2E, 06810 Çankaya/Ankara, Türkiye",39.8580902,32.6451837,"[""library"", ""point_of_interest"", ""establishment""]",4.7,122.0,
ChIJ3a6D_wg50xQRkDMYkZthJ_4,ON&F Kütüphane & Cafe,"Park cad, Prof. Dr. Ahmet Taner Kışlalı, 2870. Sk. No:3/2, 06810 Çankaya/Ankara, Türkiye",39.8711361,32.6824503,"[""library"", ""cafe"", ""food"", ""point_of_interest"", ""establishment""]",4.0,115.0,
ChIJ7z-q3eFG0xQRzeSz4QWwC8M,Golden Pavilion Museum,"Üniversiteler, İhsan Doğramacı Blv No:39, 06800 Çankaya/Ankara, Türkiye",39.861596,32.7642269,"[""visitor_center"", ""tourist_information_center"", ""cafe"", ""event_venue"", ""museum"", ""french_restaurant"", ""tour_agency"", ""travel_agency"", ""restaurant"", ""point_of_interest"", ""food"", ""establishment""]",4.1,938.0,
ChIJ_2v3YGlH0xQRT6Q4Sr62fcU,Hacettepe University Beytepe Library,"Üniversiteler, Hacettepe Beytepe Kampüsü 25 A, 06800 Çankaya/Ankara, Türkiye",39.8708264,32.7348855,"[""library"", ""point_of_interest"", ""establishment""]",4.6,168.0,
ChIJhXgaQ3RF0xQRkeZaUxY7A0o,Galeri Soyut,"Yıldızevler, Şht. Mustafa Doğan Cd No:82/A, 06550 Çankaya/Ankara, Türkiye",39.874228,32.855879,"[""art_gallery"", ""point_of_interest"", ""establishment""]",4.7,142.0,
ChIJZbbqVKtP0xQR2xGVJWVLtrI,Emniyet Cerceve,"Bağlıca Mermeroğlu Caddesi No:69 D:5B, Royal Park, Bağlıca, Sitesi 2, 06970 Etimesgut/Ankara, Türkiye",39.8855216,32.6277343,"[""art_gallery"", ""store"", ""point_of_interest"", ""establishment""]",5.0,130.0,
ChIJventuWg50xQRd3fKoHDoJEE,Uyanık Kutuphane Cayyolu,"Gordion Konutları, Koru, Ankaralılar Cd., 06810 Çankaya/Ankara, Türkiye",39.8977103,32.6914996,"[""library"", ""cafe"", ""food"", ""point_of_interest"", ""establishment""]",3.7,231.0,
ChIJKxcF-BZH0xQRtzQ7gILqqiY,Biyosfer Müze (Hacettepe Üniversitesi Biyoçeşitlilik Müzesi ),"Üniversiteler, 06800 Çankaya/Ankara, Türkiye",39.8936378,32.7325913,"[""museum"", ""point_of_interest"", ""establishment""]",4.6,240.0,
ChIJw4Ao1S9G0xQRUGe9TMbteuo,METU Science and Technology Museum,"Üniversiteler, Dumlupınar Blv. No:1, 06800 Çankaya/Ankara, Türkiye",39.9013334,32.771050599999995,"[""museum"", ""point_of_interest"", ""establishment""]",4.6,579.0,
ChIJQZm1AT1G0xQRXIR5L-5iZOE,METU Library,"Üniversiteler, Dumlupınar Bulvarı No:1, 06800 Çankaya/Ankara, Türkiye",39.8956896,32.7831766,"[""library"", ""point_of_interest"", ""establishment""]",4.6,243.0,
ChIJSwOa7eg30xQRA_jFnOGZuho,Turkish Air Force Museum,"12. Km, Bahçekapı, İstanbul Yolu, 06500 Etimesgut/Ankara, Türkiye",39.9475499,32.7044548,"[""museum"", ""tourist_attraction"", ""point_of_interest"", ""establishment""]",4.7,2106.0,
ChIJn_cwLslI0xQRGriTsYnj5A0,T.C. Cumhurbaşkanlığı Millet Kütüphanesi,"Gazi, Cumhurbaşkanlığı Blv, 06560 Yenimahalle/Ankara, Türkiye",39.9245419,32.8006358,"[""library"", ""point_of_interest"", ""establishment""]",4.7,7378.0,
ChIJNY-6gP9J0xQRWMU7AigJ-sQ,Digital Zoo,"Beştepe, Atatürk Orman Çiftliği, 06560 Yenimahalle/Ankara, Türkiye",39.947551,32.7988709,"[""museum"", ""point_of_interest"", ""establishment""]",4.3,1834.0,
ChIJezGjUW9O0xQRwAGUkwTgFXQ,Ankara Castle,"Kale, 06240 Altındağ/Ankara, Türkiye",39.9390359,32.8654212,"[""historical_landmark"", ""tourist_attraction"", ""historical_place"", ""point_of_interest"", ""establishment""]",4.4,21485.0,
ChIJtXHx6_lO0xQRrPnb4V4RjX8,Cermodern,"Hacı Bayram, Altınsoy Cd. No:3, 06101 Sıhhıye / Altındağ/Altındağ/Ankara, Türkiye",39.9318309,32.8491314,"[""art_gallery"", ""tourist_attraction"", ""museum"", ""point_of_interest"", ""establishment""]",4.4,6782.0,
ChIJF16msWtO0xQRh3CtfHpR5Xw,Ulucanlar Prison Museum,"Hacettepe, Ulucanlar Cd. No:63, 06030 Altındağ/Ankara, Türkiye",39.9376335,32.8732154,"[""museum"", ""tourist_attraction"", ""point_of_interest"", ""establishment""]",4.7,17007.0,
ChIJKcLx159P0xQRk3d_wvbrcDY,CSO Ada,"Talatpaşa Bulvarı, No: 38 Opera, Hacı Bayram, 06330 Altındağ/Ankara, Türkiye",39.9331858,32.8507496,"[""concert_hall"", ""auditorium"", ""museum"", ""event_venue"", ""point_of_interest"", ""establishment""]",4.6,3158.0,
ChIJ9ws3eGdO0xQRRmf05EeskZs,Museum of Anatolian Civilizations,"Kale, Gözcü Sk. No:2, 06240 Ulus/Altındağ/Ankara, Türkiye",39.9382042,32.8618958,"[""tourist_attraction"", ""museum"", ""point_of_interest"", ""establishment""]",4.8,16039.0,
ChIJ7dHk9VxO0xQRguJ5A9462zc,Altınköy Open Air Museum - Altındağ,"Beşikkaya, 2022. Sk, 06230 Altındağ/Ankara, Türkiye",39.9729273,32.9553823,"[""tourist_attraction"", ""museum"", ""park"", ""point_of_interest"", ""establishment""]",4.4,13069.0,
ChIJYWmRhw5R0xQR3MOUxZAkeZM,Ali Kuşçu Gökbilim Merkezi,"Misket, 626. Sk, 06470 Mamak/Ankara, Türkiye",39.9252624,32.9171549,"[""museum"", ""point_of_interest"", ""establishment""]",4.1,680.0,
ChIJTSHgqG0IgkARgm4D3BWYz_o,Ankara Metropolitan Municipality Pursaklar Family Life Center,"Merkez, Alaattin Keykubat Cd. No:4, 06145 Pursaklar/Ankara, Türkiye",40.0369949,32.9039878,"[""library"", ""event_venue"", ""point_of_interest"", ""establishment""]",4.2,106.0,
ChIJnzr5L0rT0hQRGUN7241sGfw,Caves Inonu,"Yeni, 06844 Güdül/Ankara, Türkiye",40.2196915,32.2448415,"[""historical_landmark"", ""tourist_attraction"", ""historical_place"", ""point_of_interest"", ""establishment""]",4.3,1400.0,
ChIJDYKdNCvtgkARxAZhRQClSh8,Çamlıdere Doğa ve Hayvan Müzesi,"Yahyalar, Beşbeyler Cd., 06740 Çamlıdere/Ankara, Türkiye",40.4905568,32.4759424,"[""museum"", ""point_of_interest"", ""establishment""]",4.8,130.0,
ChIJde_X6JztgkARs6Or_2iCJBI,Oyuncak Muzesi,"Yayalar, 06740 Çamlıdere/Ankara, Türkiye",40.4893081,32.4687577,"[""museum"", ""point_of_interest"", ""establishment""]",4.5,324.0,
ChIJma1XdRbtgkARLhxG6E_TT5g,Çamlıdere Soba Müzesi,"Yayalar, 06740 Çamlıdere/Ankara, Türkiye",40.4897069,32.4690652,"[""museum"", ""point_of_interest"", ""establishment""]",4.5,110.0,
ChIJB75UHIXtgkARy6xxSr-wYKk,Doğa ve Yaşam Müzesi,"Yahyalar, Beşbeyler Cd., 06740 Çamlıdere/Ankara, Türkiye",40.4910015,32.4760205,"[""museum"", ""point_of_interest"", ""establishment""]",4.7,129.0,
ChIJjev5MJ3tgkARRH-2dKwj0Gs,Çamlıdere Terazi Müzesi,"Yahyalar, 06740 Çamlıdere/Ankara, Türkiye",40.4904185,32.4756749,"[""museum"", ""point_of_interest"", ""establishment""]",4.7,109.0,
ChIJK8nbpYn3gkARvO9KwZvhhKw,Kızılcahamam Jeopark Müzesi,"Akçay, 06890 Kızılcahamam/Ankara, Türkiye",40.4756147,32.6571564,"[""museum"", ""point_of_interest"", ""establishment""]",4.4,157.0,
ChIJ0XVNc-v2gkARxgzH9FZgrZU,Idealist Martyrs' Memorial,"Gazi Mustafa Kemalpaşa, 06890 Kızılcahamam/Ankara, Türkiye",40.4863624,32.6524085,"[""museum"", ""point_of_interest"", ""establishment""]",4.8,122.0,
ChIJMzagTWhVgkARDjTVW7D0ojs,Semer Köyü Cami-i,"Semer, 06890 Kızılcahamam/Ankara, Türkiye",40.5908222,32.897013099999995,"[""museum"", ""point_of_interest"", ""establishment""]",4.6,143.0,
ChIJoZbdfOtF0xQRwgvJbbfUsck,Focus Study Zone & Cafe,"Yıldızevler, Şht. Mustafa Doğan Cd No:27/A, 06550 Çankaya/Ankara, Türkiye",39.8752404,32.857486699999995,"[""library"", ""coffee_shop"", ""cafe"", ""food_store"", ""store"", ""food"", ""point_of_interest"", ""establishment""]",4.6,248.0,
ChIJe24LnwJG0xQR2kHecO69jt0,Şehit Cuma Dağ Tabiat Tarihi Müzesi,"Çukurambar, Dumlupınar Blv. No:11, 06530 Çankaya/Ankara, Türkiye",39.9028248,32.7985524,"[""tourist_attraction"", ""corporate_office"", ""museum"", ""point_of_interest"", ""establishment""]",4.7,8810.0,
ChIJTY6cLGtP0xQRkTxM9teI5Hw,Polis Müzesi,"Ayrancı, Selimiye Cd. No:17, 06690 Çankaya/Ankara, Türkiye",39.8972086,32.8457882,"[""museum"", ""point_of_interest"", ""establishment""]",4.8,699.0,
ChIJ7z9v8qZP0xQR8x50dinWpgU,Doğan Taşdelen Çağdaş Sanatlar Merkezi,"06540, Kavaklıdere Mahallesi, John F. Kennedy Caddesi No: 4, Çankaya, 06680 Çankaya/Ankara, Türkiye",39.90877,32.85756,"[""event_venue"", ""art_gallery"", ""auditorium"", ""point_of_interest"", ""establishment""]",4.5,1835.0,
ChIJK7mqoz5P0xQRK8kV8cs03G4,National Library,"Bahçelievler, İsmet İnönü Blv. No:4, 06490 Çankaya/Ankara, Türkiye",39.9163592,32.8270797,"[""library"", ""point_of_interest"", ""establishment""]",4.2,1417.0,
ChIJN0orNTlP0xQRtwaMwt-XA4A,MİLLİ KÜTÜPHANE METRO DURAĞI,"Emek, İsmet İnönü Blv. No:27, 06490 Çankaya/Ankara, Türkiye",39.9157166,32.8270321,"[""library"", ""point_of_interest"", ""establishment""]",4.1,272.0,
ChIJ-dXSGAFP0xQRu9daYLgAwH4,Adnan Ötüken İl Halk Kütüphanesi,"Namık Kemal, Kumrular Cd. No:3, 06650 Çankaya/Ankara, Türkiye",39.919609,32.85076,"[""library"", ""point_of_interest"", ""establishment""]",3.8,654.0,
ChIJf-8s4slJ0xQR8FNoIyO-0bA,15 July Democracy Museum,"Emniyet, Cumhurbaşkanlığı Blv No:18, 06560 Yenimahalle/Ankara, Türkiye",39.9295157,32.80344890000001,"[""museum"", ""point_of_interest"", ""establishment""]",4.8,629.0,
ChIJseKU0x1P0xQRiQQ-JH62lZY,Ataturk & Independence War Museum,"Maltepe, Anıt Cd., 06570 Çankaya/Ankara, Türkiye",39.9248746,32.8377089,"[""museum"", ""tourist_attraction"", ""point_of_interest"", ""establishment""]",4.8,834.0,
ChIJU8HMFzxO0xQRhe8oYd-1c2Q,Abidin Paşa Köşkü Milli Mücadele Muzesi,"Ertuğrulgazi, 06590 Çankaya/Ankara, Türkiye",39.9275976,32.8826457,"[""museum"", ""point_of_interest"", ""establishment""]",4.8,176.0,
ChIJOS_Gq9VI0xQR4BDNwxDclV0,Turkish State Cemetery,"Milli Savunma Bakanlığı Devlet Büyükleri Anıt Mezarlığı, Gazi, Silahtar Cd., 06000 Yenimahalle/Ankara, Türkiye",39.9353706,32.808589999999995,"[""museum"", ""cemetery"", ""point_of_interest"", ""establishment""]",4.5,105.0,
ChIJIxsdbNdI0xQRGQU6enBVzF4,Atatürk Evi Müzesi,"Beştepe, 06560 Yenimahalle/Ankara, Türkiye",39.9360917,32.7980523,"[""museum"", ""tourist_attraction"", ""point_of_interest"", ""establishment""]",4.6,464.0,
ChIJufZUxYpO0xQRon6J4Qkk13M,Republic Museum (The Second Parliament Building),"Doğanbey Mahallesi, Cumhuriyet Cd. No:7, 06050 Altındağ/Ankara, Türkiye",39.9411625,32.8515237,"[""museum"", ""tourist_attraction"", ""point_of_interest"", ""establishment""]",4.9,7612.0,
ChIJ9dHE-lhO0xQRNbnFwVTp-jo,Ankara Painting and Sculpture Museum,"Hacettepe, Türkocağı Sk. Resim Ve Heykel Müzesi, 06230 Altındağ/Ankara, Türkiye",39.9332721,32.8557004,"[""museum"", ""tourist_attraction"", ""point_of_interest"", ""establishment""]",4.7,3301.0,
ChIJJ7Z_4V9O0xQRxug5wvw3LoA,PTT Stamp Museum,"Hacı Bayram, Atatürk Blv No:13, 06050 Altındağ/Ankara, Türkiye",39.938151,32.854637,"[""museum"", ""point_of_interest"", ""establishment""]",4.6,2315.0,
ChIJm03nSvVO0xQRMkM4ENEa7Ng,Ankara Palas,"Doğanbey Mh, Cumhuriyet Cd. No:3, 06030 Altındağ/Ankara, Türkiye",39.9406875,32.8523143,"[""museum"", ""point_of_interest"", ""establishment""]",4.6,1116.0,
ChIJh21AuGBO0xQR6I9gJ9kxT8g,Suluhan Bazaar,"Anafartalar Mahallesi, Şht. Teğmen Kalmaz Posta Cd No:38, 06050 Altındağ/Ankara, Türkiye",39.9396966,32.8584898,"[""shopping_mall"", ""historical_landmark"", ""historical_place"", ""point_of_interest"", ""establishment""]",4.2,18844.0,
ChIJUY_wDXlP0xQRvAIh0jOz2ho,Kelime Müzesi,"Kale, Gözcü Sk. No:11, 06080 Altındağ/Ankara, Türkiye",39.9382649,32.8627115,"[""museum"", ""point_of_interest"", ""establishment""]",4.6,2269.0,
ChIJ9b_Z9mdO0xQRNU5BMBpIICo,Rahmi M. Koc Museum Ankara,"Kale, Hacettepe, Depo Sokak No:1, 06230 Altındağ/Ankara, Türkiye",39.9372464,32.8634883,"[""museum"", ""point_of_interest"", ""establishment""]",4.8,7106.0,
ChIJt4xd-7hP0xQRpqZFdfS6y7E,Anne Müzesi,"Hacettepe, Salaş Sk. no:12, 06950 Altındağ/Ankara, Türkiye",39.9360108,32.87138,"[""museum"", ""point_of_interest"", ""establishment""]",4.5,574.0,
ChIJYQYgXUJO0xQRpq-D_pVVeYE,Gökyay Foundation Chess Museum,"Hacettepe, Basamaklı Sokak No:3, 06230 Altındağ/Ankara, Türkiye",39.9347854,32.8632624,"[""museum"", ""tourist_attraction"", ""point_of_interest"", ""establishment""]",4.7,1845.0,
ChIJ6ydcmSpP0xQRVfXO1JxjUJQ,Mamak Belediyesi Şehitlik Bilim Merkezi ve Uyanık Kütüphane,"Şafaktepe, Mamak Cd. no:59, 06340 Mamak/Ankara, Türkiye",39.9360046,32.888668,"[""library"", ""point_of_interest"", ""establishment""]",4.2,205.0,
ChIJQwMkwNFI0xQR3NGoPa9yMrY,Atatürk Forest Farm Museum and Exhibition Hall,"AOÇ Bal Fabrikası yanı, Gazi, Cumhurbaşkanlığı Blv No:68, 06560 Yenimahalle/Ankara, Türkiye",39.9446046,32.794208999999995,"[""museum"", ""tourist_attraction"", ""point_of_interest"", ""establishment""]",4.3,274.0,
ChIJ6UjVLsVO0xQR2xYccACVQYM,Gazı Üniversitesi Merkez Kütüphanesi,"Emniyet, Gazi Ünv., 06560 Yenimahalle/Ankara, Türkiye",39.9415361,32.822198799999995,"[""library"", ""point_of_interest"", ""establishment""]",4.2,230.0,
ChIJ_XQQAUdO0xQR1yDFWAueITU,Toy Museum,"Emniyet İncitaşı Sok. Ankara Üniversitesi Beşevler 10. Yıl Yerleşkesi, Emniyet, 06560 Yenimahalle/Ankara, Türkiye",39.9386819,32.8279531,"[""tourist_attraction"", ""museum"", ""point_of_interest"", ""establishment""]",4.3,415.0,
ChIJ7SWwMpNO0xQRsHKUQg9ixT0,Ataturk Cultural Center,"Zübeyde Hanım, Kazım Karabekir Cad., 06070 Altındağ/Ankara, Türkiye",39.9435535,32.8405114,"[""cultural_center"", ""park"", ""point_of_interest"", ""establishment""]",4.4,1572.0,
ChIJ99Ed3PFO0xQRZx9MNC3omjk,Ankara Turkish Aviation Association Museum,"Gazi, Hipodrom Cd. No:2, 06560 Yenimahalle/Ankara, Türkiye",39.9385626,32.8421152,"[""museum"", ""point_of_interest"", ""establishment""]",4.3,473.0,
ChIJGzdgsehO0xQRrtH6F8u6Lq0,MKEK Sanayi ve Teknoloji Müzesi,"Emniyet, No:2, 06560 Yenimahalle/Ankara, Türkiye",39.9374143,32.8362985,"[""museum"", ""point_of_interest"", ""establishment""]",4.5,223.0,
ChIJQ1SOxWFO0xQRU9MYRfTLmwY,Museum of the War of Independence,"Hacı Bayram, Cumhuriyet Cd. No: 2/1, 06050 Altındağ/Ankara, Türkiye",39.9418394,32.8536242,"[""tourist_attraction"", ""museum"", ""point_of_interest"", ""establishment""]",4.9,5331.0,
ChIJoy3tx9BP0xQRLEwHfrDalcw,Türkiye İş Bankası İktisadi Bağımsızlık Müzesi,"Ulus, Çam Sk. No: 3, 06050 Altındağ/Ankara, Türkiye",39.9427619,32.8548669,"[""museum"", ""event_venue"", ""point_of_interest"", ""establishment""]",4.9,753.0,
ChIJVWVakmdO0xQRnEaxWENl_IU,Erimtan Archaeology and Art Museum,"Kale, Gözcü Sk. No:10, 06240 Altındağ/Ankara, Türkiye",39.9378624,32.8629962,"[""tourist_attraction"", ""museum"", ""point_of_interest"", ""establishment""]",4.5,1526.0,
ChIJ4w12PGdO0xQRy-cZwvXq-vI,St. Theresa's Catholic Church,"Kale, Kardeşler Sk. No:15, 06250 Altındağ/Ankara, Türkiye",39.939693,32.8616062,"[""historical_landmark"", ""historical_place"", ""church"", ""place_of_worship"", ""point_of_interest"", ""establishment""]",4.5,446.0,
ChIJSfDZ7WNO0xQRO72uv7Fq0rs,Temple of Augustus,"Hacı Bayram, 06030 Altındağ/Ankara, Türkiye",39.9441182,32.8582255,"[""historical_place"", ""tourist_attraction"", ""point_of_interest"", ""establishment""]",4.4,563.0,
ChIJfVMVfWtO0xQR0Ll2HK2lp84,Art Street,"Şükriye, Yönü Sk. No:87, 06230 Altındağ/Ankara, Türkiye",39.9383943,32.8739066,"[""art_gallery"", ""point_of_interest"", ""establishment""]",4.7,158.0,
ChIJlf01MOtN0xQRFoOIrQemVj8,Feza Gürsey Science Centre,"Aydınlıkevler, Şht. Ömer Halisdemir Blv No:154, 06140 Altındağ/Ankara, Türkiye",39.9683767,32.8798395,"[""museum"", ""point_of_interest"", ""establishment""]",4.4,490.0,
ChIJp1frBPpN0xQR3UxPAJKRGeo,Fakülte Kütüphane Etlik,"Emrah, Gen. Dr. Tevfik Sağlam Cd No: 62/5 D:G, 06010 Keçiören/Ankara, Türkiye",39.971666,32.843319,"[""library"", ""point_of_interest"", ""establishment""]",4.9,140.0,
ChIJ0U3Ce69N0xQRdY-CI830FWc,Fatih Library,"Tepebaşı, Fatih Cd. 110/A, 06280 Keçiören/Ankara, Türkiye",39.985447,32.8645522,"[""library"", ""point_of_interest"", ""establishment""]",3.7,171.0,
ChIJMWvKN_w50xQRO0KKyZ1Hsq8,Türk Tarih Müzesi ve Parkı,"Bağlıca, Kızılelma Caddesi No:1, 06790 Etimesgut/Ankara, Türkiye",39.9030787,32.64035500000001,"[""sculpture"", ""museum"", ""park"", ""point_of_interest"", ""establishment""]",4.8,2425.0,
ChIJYxDfpuA50xQR3PQ5U_slKRM,Etimesgut Belediyesi Halk Kütüphanesi,"Ahi Mesut, 06794 Etimesgut/Ankara, Türkiye",39.9402939,32.6304906,"[""library"", ""point_of_interest"", ""establishment""]",3.3,159.0,
ChIJMYvJY7s30xQRVMTbh6DyAGA,Hava Lojmanı Komutanlığı Kütüphanesi,"Erler, Dumlupınar Bulvarı Serpmeleri No:64, 06790, 06790 Etimesgut/Ankara, Türkiye",39.9424031,32.6844898,"[""library"", ""point_of_interest"", ""establishment""]",4.5,111.0,
ChIJYT3lPN0w0xQRfL2s7SbWTT8,Sincan Ilce Halk Kutuphanesi,"Mareşal Çakmak, Oğuz Yılmaz Cd. No: 23, 06936 Sincan/Ankara, Türkiye",39.9583894,32.5845761,"[""library"", ""point_of_interest"", ""establishment""]",4.0,248.0,
ChIJYW0c7Zw70xQRoi_uvhlonO0,Fakülte Kütüphane Sincan,"Ahi Evran, Ayaş Cd. 27/4, 06100 Sincan/Ankara, Türkiye",39.9710123,32.5797741,"[""library"", ""point_of_interest"", ""establishment""]",4.8,114.0,
ChIJJdIvfLYx0xQRQzOEUVlDdYo,Faculty Library Eryaman,"Rada Park Avm, Eryaman, 271. Cd No: 3 İç Kapı No: 25, 06824 Etimesgut/Ankara, Türkiye",39.978832,32.6266766,"[""library"", ""point_of_interest"", ""establishment""]",3.8,131.0,
ChIJOf0Gkxc30xQRo6n0GW_I764,ATATÜRK MÜZESİ VE OKUMA EVİ,"Şehit Osman Avcı, 06820 Etimesgut/Ankara, Türkiye",39.9758941,32.6524278,"[""museum"", ""tourist_attraction"", ""point_of_interest"", ""establishment""]",4.7,185.0,
ChIJS4EG_pE30xQRtlxSIAUn1j0,4K Vip Akademi,"Yeni Batı Mahallesi Şehit Kaymakam Muhammet Fatih Safitürk Bulvarı No:84, Yeni Batı, 06370 Yenimahalle/Ankara, Türkiye",39.9824998,32.689688499999995,"[""library"", ""point_of_interest"", ""establishment""]",5.0,137.0,
ChIJ0wZMGoEw0xQRTzXNLwLgC5I,Mathematics Museum - Sincan Municipality,"Fatih, Çalkın Cd. NO:4, 06936 Sincan/Ankara, Türkiye",39.9852043,32.5837175,"[""museum"", ""point_of_interest"", ""establishment""]",4.2,101.0,
ChIJcY5gZmJO0xQRs7tMopOZzQo,Roman Baths and Open Air Museum,"Hacı Bayram, Çankırı Cd. No:43, 06050 Altındağ/Ankara, Türkiye",39.9464896,32.853223,"[""tourist_attraction"", ""museum"", ""point_of_interest"", ""establishment""]",4.3,1094.0,
ChIJe-R9TN9T0xQRpQsL8wdXKSo,Altındağ Belediyesi Karapürçek Mahalle Kütüphanesi,"Karapürçek, 406. Cadde No:12/1, 06165 Altındağ/Ankara, Türkiye",39.9723652,32.9662605,"[""library"", ""point_of_interest"", ""establishment""]",4.2,110.0,
ChIJSUtsaKxP0xQRdMQOgnjnRfA,Kocatepe Mosque,"Kültür, Dr. Mediha Eldem Sk. No:67, 06420 Çankaya/Ankara, Türkiye",39.9166089,32.860706199999996,"[""mosque"", ""place_of_worship"", ""association_or_organization"", ""point_of_interest"", ""establishment""]",4.8,13801,
ChIJzR-qmDxP0xQRSiD5Laq79c0,Hacı Bayram-ı Veli Tomb,"Hacı Bayram, Şht. Keskin Sk. No:7, 06050 Altındağ/Ankara, Türkiye",39.9442341,32.857899599999996,"[""historical_landmark"", ""historical_place"", ""point_of_interest"", ""establishment""]",4.8,8652,
ChIJAzmc1ixG0xQRCgpLJ2C9wR8,Ahmet Hamdi Akseki Mosque,"Üniversiteler, Dumlupınar Blv. No:153, 06800 Çankaya/Ankara, Türkiye",39.906594299999995,32.7630918,"[""mosque"", ""place_of_worship"", ""association_or_organization"", ""point_of_interest"", ""establishment""]",4.8,3718,
ChIJK04VM5pL0xQRH88GU_thbws,Ahmet Efendi Mosque,"Çiğdemtepe, 06210 Yenimahalle/Ankara, Türkiye",40.0080694,32.792739399999995,"[""mosque"", ""place_of_worship"", ""association_or_organization"", ""point_of_interest"", ""establishment""]",4.6,2377,
ChIJU7lviSNP0xQRIeUL70IhROM,Melike Hatun Mosque,"Hacı Bayram, Atatürk Blv No:19, 06050 Altındağ/Ankara, Türkiye",39.936628999999996,32.8554672,"[""mosque"", ""place_of_worship"", ""association_or_organization"", ""point_of_interest"", ""establishment""]",4.7,2369,
ChIJ9ROSaihP0xQR1N6CEat9Igo,Alparslan Türkeş Kabri,"Emniyet, 06560 Yenimahalle/Ankara, Türkiye",39.9319279,32.8180608,"[""historical_landmark"", ""cemetery"", ""monument"", ""historical_place"", ""point_of_interest"", ""service"", ""establishment""]",4.8,2067,
ChIJ4fanSJRP0xQRouTLWPAmvkc,Papazın Bağı,"Kazım Özalp, Kuleli Sokağı No:61, 06700 Çankaya/Ankara, Türkiye",39.894388899999996,32.872448,"[""family_restaurant"", ""historical_landmark"", ""tea_house"", ""restaurant"", ""food"", ""historical_place"", ""point_of_interest"", ""establishment""]",3.7,1640,PRICE_LEVEL_MODERATE
ChIJXcRfumBO0xQRKeqwUsZpvkU,Suluhan Caravanserai,"Hacı Bayram, 06050 Altındağ/Ankara, Türkiye",39.939526,32.858418199999996,"[""historical_landmark"", ""inn"", ""lodging"", ""historical_place"", ""point_of_interest"", ""establishment""]",4.5,1224,
ChIJR59LBD9O0xQR-CwFEAjKMjA,Cebeci Mosque,"Ertuğrulgazi, Kutlugün Cd. No:23, 06590 Çankaya/Ankara, Türkiye",39.9296395,32.8784336,"[""mosque"", ""place_of_worship"", ""association_or_organization"", ""point_of_interest"", ""establishment""]",4.7,713,
ChIJoauFU-oJgkARQ7fhyi87djs,Bağlum Merkez Camii,"Karşıyaka, Hatipoğlu Cd. No:10, 06291 Keçiören/Ankara, Türkiye",40.0513629,32.842852,"[""mosque"", ""place_of_worship"", ""association_or_organization"", ""point_of_interest"", ""establishment""]",4.7,614,
ChIJQ8W0bVlM0xQRyIInDp7wxhs,Dilek Cami,"Esertepe, 06020 Keçiören/Ankara, Türkiye",39.9966667,32.8386111,"[""mosque"", ""place_of_worship"", ""association_or_organization"", ""point_of_interest"", ""establishment""]",4.7,590,
ChIJ3c8uBPNL0xQRs0QHk1qOeNc,Şentepe Muradiye Camii,"Şehit Kubilay, Değirmendere Cd. No:20, 06210 Keçiören/Ankara, Türkiye",39.9919697,32.800633999999995,"[""mosque"", ""place_of_worship"", ""association_or_organization"", ""point_of_interest"", ""establishment""]",4.7,575,
ChIJ-VMMSABP0xQREaRRLms9U6o,"Anıtkabir, Atatürk ve Mozole","Mebusevleri, 06570 Çankaya/Ankara, Türkiye",39.925722,32.837942999999996,"[""historical_landmark"", ""historical_place"", ""point_of_interest"", ""establishment""]",4.9,532,
ChIJs-oU_g1M0xQR26GWDuybSd8,Ayvali Merkez Camii,"Ayvalı, Ayvalı Cd. No:139, 06010 Keçiören/Ankara, Türkiye",39.983501,32.8193759,"[""mosque"", ""place_of_worship"", ""association_or_organization"", ""point_of_interest"", ""establishment""]",4.7,500,
ChIJV3tcYIRO0xQRuxE_PEIN4i8,İskitler Mosque,"Zübeyde Hanım, 06060 Altındağ/Ankara, Türkiye",39.955719699999996,32.8452492,"[""mosque"", ""place_of_worship"", ""association_or_organization"", ""point_of_interest"", ""establishment""]",4.6,442,
ChIJOTmz1ftL0xQRHrSu3O0ISJ0,Şentepe Central Mosque,"Barıştepe, 737. Cd. No:2, 06210 Yenimahalle/Ankara, Türkiye",39.9816667,32.8025,"[""mosque"", ""place_of_worship"", ""association_or_organization"", ""point_of_interest"", ""establishment""]",4.5,401,
ChIJKeOkTwEz0xQRpDMDgQyLOKA,TUSAŞ CAMİİ,"Akıncı, 06980 Kahramankazan/Ankara, Türkiye",40.0849208,32.5862914,"[""mosque"", ""place_of_worship"", ""association_or_organization"", ""point_of_interest"", ""establishment""]",4.9,362,
ChIJdTvM0Vo-0xQRwzDd6UfNkqY,Türkkonut Central Mosque,"Dodurga, Kaan Cd, 06810 Çankaya/Ankara, Türkiye",39.8272158,32.6590205,"[""mosque"", ""place_of_worship"", ""association_or_organization"", ""point_of_interest"", ""establishment""]",4.6,318,
ChIJkfjD1o9N0xQR1IMGMxs2hCI,Güneşevler Merkez Camii,"Güneşevler, 135. Sk. Güneşevler Cami, Güneşevler Cami No:25, 06140 Altındağ/Ankara, Türkiye",39.973759400000006,32.885300199999996,"[""mosque"", ""place_of_worship"", ""association_or_organization"", ""point_of_interest"", ""establishment""]",4.7,256,
ChIJo_La8mdO0xQRT4MlY320118,Ankara Castle Gate and Clock Tower,"Kale, Kale Kapısı Sk. No:2, 06250 Altındağ/Ankara, Türkiye",39.937647899999995,32.86349390000001,"[""historical_landmark"", ""historical_place"", ""point_of_interest"", ""establishment""]",4.7,215,
ChIJISHupYhP0xQRmLS-HjKNnmo,Emek Merkez Cami,"Emek, Şht. Meryem Yılmaztürk Cd. No:31, 06490 Çankaya/Ankara, Türkiye",39.9204024,32.8194775,"[""mosque"", ""place_of_worship"", ""association_or_organization"", ""point_of_interest"", ""establishment""]",4.7,175,
ChIJS8rDQwBP0xQRUh_36KZRcDk,Ulus Ankara,"Hacı Bayram, Adliye Sk. No:1, 06050 Altındağ/Ankara, Türkiye",39.942541899999995,32.8573964,"[""historical_landmark"", ""historical_place"", ""point_of_interest"", ""establishment""]",4.5,157,
ChIJ7RZdvTjsYK4R4GPkw_1dMsk,Neslibey Kına Konağı,"Ulucanlar Cad, Hacettepe, Çarşı Sk No : 1, 06230 Altındağ/Ankara, Türkiye",39.9348329,32.86314790000001,"[""historical_landmark"", ""historical_place"", ""point_of_interest"", ""service"", ""establishment""]",4.7,143,
ChIJc7chnDQz0xQRl6A6xkyxFeI,Lojistik Üssü Camii,"Fethiye, 06980 Kahramankazan/Ankara, Türkiye",40.1112521,32.5996987,"[""mosque"", ""place_of_worship"", ""association_or_organization"", ""point_of_interest"", ""establishment""]",4.6,136,
ChIJhTJqh1lN0xQRkH7_3at2K9s,Büyük Ankara Camii Ve Külliyesi,"Şenyuva, 2007. Sokak No:6, 06300 Keçiören/Ankara, Türkiye",40.007542199999996,32.8919426,"[""mosque"", ""place_of_worship"", ""association_or_organization"", ""point_of_interest"", ""establishment""]",4.8,903,
ChIJoZjbbZQ50xQR8zFpohkjj0g,Hz. ALİ CAMİİ,"Ahi Mesut, 06794 Etimesgut/Ankara, Türkiye",39.9295307,32.6451279,"[""mosque"", ""place_of_worship"", ""association_or_organization"", ""point_of_interest"", ""establishment""]",4.7,359,
ChIJg1ivUM1K0xQRZEGN4Dl5oUo,Abali Baba Tomb,"Memlik, 06105 Yenimahalle/Ankara, Türkiye",40.0640812,32.751596,"[""place_of_worship"", ""association_or_organization"", ""point_of_interest"", ""establishment""]",4.6,238,
ChIJ4Y2W6dYv0xQRk36geeEh-xY,İlksen Housing Toki Mosque,"29 Ekim, 814. Cd 62 K-67, 06946 Sincan Osb/Sincan/Ankara, Türkiye",40.0166051,32.533410700000005,"[""mosque"", ""place_of_worship"", ""association_or_organization"", ""point_of_interest"", ""establishment""]",4.6,217,
ChIJ63iJg4dN0xQRFswnWUdJQ4w,Hasköy Savaştepe Cami,"Yıldıztepe, 169. Cd. No:5, 06140 Altındağ/Ankara, Türkiye",39.9741218,32.8981953,"[""mosque"", ""place_of_worship"", ""association_or_organization"", ""point_of_interest"", ""establishment""]",4.9,198,
ChIJ9apGc5U_0xQRYGUNhRz-h5s,Incek Mosque,"İncek, Demir Sk. No:11, 06830 Gölbaşı/Ankara, Türkiye",39.8076474,32.6968708,"[""mosque"", ""place_of_worship"", ""association_or_organization"", ""point_of_interest"", ""establishment""]",4.7,169,
ChIJZ47JF-9q0xQR2gdtxXVM1tU,Hacı Hasan Köyü Cami,"Hacıhasan, Hilmiyet Cd. No:33, 06830 Gölbaşı/Ankara, Türkiye",39.745125,32.747696999999995,"[""mosque"", ""place_of_worship"", ""association_or_organization"", ""point_of_interest"", ""establishment""]",4.8,163,
ChIJHRXNdHJU0xQRpG8s6YHwbLY,H. Ahmet Kayhan Mosque,"Kızılca, 06105 Mamak/Ankara, Türkiye",39.933969999999995,32.9998432,"[""mosque"", ""place_of_worship"", ""association_or_organization"", ""point_of_interest"", ""establishment""]",4.9,138,
ChIJfwjjQc1K0xQRz2GSKDd04HE,And Kabir Masjid Hazrat Munir Derman,"Memlik, 06105 Yenimahalle/Ankara, Türkiye",40.063722,32.750901,"[""mosque"", ""place_of_worship"", ""association_or_organization"", ""point_of_interest"", ""establishment""]",4.8,129,
ChIJUTy-WPhT0xQRHV548sJWM_s,Öner Tokcan Cami,"Baraj, 06150 Altındağ/Ankara, Türkiye",40.0030265,32.9047648,"[""mosque"", ""place_of_worship"", ""association_or_organization"", ""point_of_interest"", ""establishment""]",4.8,124,
ChIJ057OZ50KgkARlVJyjD9fWvE,Memlik Village Mosque,"Memlik, 06105 Yenimahalle/Ankara, Türkiye",40.0652636,32.7509201,"[""mosque"", ""place_of_worship"", ""association_or_organization"", ""point_of_interest"", ""establishment""]",4.6,106,
ChIJQ1wjDuJN0xQReXnoGT9trnY,Kuzey Ankara külliyesi,"Şenyuva, 06300 Keçiören/Ankara, Türkiye",40.010350599999995,32.8947357,"[""mosque"", ""place_of_worship"", ""association_or_organization"", ""point_of_interest"", ""establishment""]",4.8,103,
